{
    "Report": {
        "try": false,
        "success": false
    },
    "Illegal": false,
    "QR": {
        "0": {
            "timestamp": "19700101 000436288",
            "result": true
        }
    },
    "Approach": [
        {
            "0": {
                "y": -0.9764253925,
                "x": 0.0147144321,
                "direction": true,
                "r": 0.9765362572,
                "timestamp": "19700101 000749488"
            },
            "1": {
                "y": -0.9766755513,
                "x": 0.0146861248,
                "direction": true,
                "r": 0.9767859616,
                "timestamp": "19700101 000750320"
            },
            "2": {
                "y": -0.9762762691,
                "x": 0.0147079971,
                "direction": true,
                "r": 0.9763870538,
                "timestamp": "19700101 000751408"
            },
            "3": {
                "y": -0.9763956639,
                "x": 0.0147557285,
                "direction": true,
                "r": 0.9765071551,
                "timestamp": "19700101 000752368"
            },
            "4": {
                "y": -0.9767821118,
                "x": 0.0148925786,
                "direction": true,
                "r": 0.9768956356,
                "timestamp": "19700101 000753376"
            },
            "5": {
                "y": -0.976621978,
                "x": 0.0148026238,
                "direction": true,
                "r": 0.976734153,
                "timestamp": "19700101 000754416"
            },
            "6": {
                "y": -0.976565334,
                "x": 0.0149333875,
                "direction": true,
                "r": 0.9766795061,
                "timestamp": "19700101 000755416"
            },
            "7": {
                "y": -0.9763172399,
                "x": 0.0148489884,
                "direction": true,
                "r": 0.9764301539,
                "timestamp": "19700101 000756416"
            },
            "8": {
                "y": -0.9765633673,
                "x": 0.0148773314,
                "direction": true,
                "r": 0.9766766841,
                "timestamp": "19700101 000757416"
            },
            "9": {
                "y": -0.976755436,
                "x": 0.0147323038,
                "direction": true,
                "r": 0.9768665326,
                "timestamp": "19700101 000758744"
            }
        }
    ],
    "Mission Time": {
        "start": "19700101 000230072"
    }
}