{
    "Report": {
        "try": false,
        "success": false
    },
    "Illegal": false,
    "QR": {
        "0": {
            "timestamp": "19700101 000347992",
            "result": true
        }
    },
    "Approach": [
        {
            "0": {
                "y": -0.0115382472,
                "x": 0.0003415272,
                "direction": true,
                "r": 0.0115433006,
                "timestamp": "19700101 000729312"
            },
            "1": {
                "y": -0.0107740984,
                "x": 0.0005097719,
                "direction": true,
                "r": 0.0107861515,
                "timestamp": "19700101 000730320"
            },
            "2": {
                "y": -0.0107588677,
                "x": 0.0005422841,
                "direction": true,
                "r": 0.0107725255,
                "timestamp": "19700101 000731328"
            },
            "3": {
                "y": -0.0110128565,
                "x": 0.0005321084,
                "direction": true,
                "r": 0.011025704,
                "timestamp": "19700101 000732400"
            },
            "4": {
                "y": -0.0099879593,
                "x": 0.0006732464,
                "direction": true,
                "r": 0.0100106239,
                "timestamp": "19700101 000733416"
            },
            "5": {
                "y": -0.0103782843,
                "x": 0.0005761322,
                "direction": true,
                "r": 0.0103942635,
                "timestamp": "19700101 000734416"
            },
            "6": {
                "y": -0.0108740714,
                "x": 0.0005529899,
                "direction": true,
                "r": 0.0108881232,
                "timestamp": "19700101 000735440"
            },
            "7": {
                "y": -0.0113871223,
                "x": 0.0005085967,
                "direction": true,
                "r": 0.0113984747,
                "timestamp": "19700101 000736456"
            },
            "8": {
                "y": -0.0105950161,
                "x": 0.0008034455,
                "direction": true,
                "r": 0.010625436,
                "timestamp": "19700101 000737512"
            },
            "9": {
                "y": -0.010751081,
                "x": 0.0006766989,
                "direction": true,
                "r": 0.0107723565,
                "timestamp": "19700101 000738512"
            }
        }
    ],
    "Mission Time": {
        "start": "19700101 000221312"
    }
}