{
    "Report": {
        "try": true,
        "success": false
    },
    "Illegal": false,
    "QR": {},
    "Approach": [
        {
            "0": {
                "y": 0.5048611962,
                "x": 0.2858048452,
                "direction": true,
                "r": 0.5801458756,
                "timestamp": "19700101 000326376"
            },
            "1": {
                "y": 0.5048028385,
                "x": 0.2855112861,
                "direction": true,
                "r": 0.5799505153,
                "timestamp": "19700101 000327400"
            },
            "2": {
                "y": 0.504828996,
                "x": 0.2853728891,
                "direction": true,
                "r": 0.5799051656,
                "timestamp": "19700101 000328288"
            },
            "3": {
                "y": 0.5047488938,
                "x": 0.2855605568,
                "direction": true,
                "r": 0.5799278208,
                "timestamp": "19700101 000329376"
            },
            "4": {
                "y": 0.5048672983,
                "x": 0.2854748579,
                "direction": true,
                "r": 0.5799886925,
                "timestamp": "19700101 000330352"
            },
            "5": {
                "y": 0.504881222,
                "x": 0.28543056,
                "direction": true,
                "r": 0.5799790107,
                "timestamp": "19700101 000331352"
            },
            "6": {
                "y": 0.5049371153,
                "x": 0.2854488009,
                "direction": true,
                "r": 0.580036644,
                "timestamp": "19700101 000332336"
            },
            "7": {
                "y": 0.5049067616,
                "x": 0.2853477183,
                "direction": true,
                "r": 0.5799604799,
                "timestamp": "19700101 000333408"
            },
            "8": {
                "y": 0.5049311405,
                "x": 0.2853993184,
                "direction": true,
                "r": 0.5800070927,
                "timestamp": "19700101 000334424"
            },
            "9": {
                "y": 0.5047693432,
                "x": 0.2854886376,
                "direction": true,
                "r": 0.5799102103,
                "timestamp": "19700101 000335448"
            }
        }
    ],
    "Mission Time": {
        "start": "19700101 000140576",
        "finish": "19700101 000352496"
    }
}