{
    "Report": {
        "try": false,
        "success": false
    },
    "Illegal": false,
    "QR": {
        "0": {
            "timestamp": "19700101 000402688",
            "result": true
        }
    },
    "Approach": [
        {
            "0": {
                "y": -0.1056450907,
                "x": -0.0040530009,
                "direction": true,
                "r": 0.1057228074,
                "timestamp": "19700101 000641000"
            },
            "1": {
                "y": -0.1056328371,
                "x": -0.0040628412,
                "direction": true,
                "r": 0.1057109406,
                "timestamp": "19700101 000641792"
            },
            "2": {
                "y": -0.1056990895,
                "x": -0.0040730511,
                "direction": true,
                "r": 0.1057775367,
                "timestamp": "19700101 000642864"
            },
            "3": {
                "y": -0.105636101,
                "x": -0.0040951257,
                "direction": true,
                "r": 0.1057154477,
                "timestamp": "19700101 000643952"
            },
            "4": {
                "y": -0.1057029625,
                "x": -0.0040658043,
                "direction": true,
                "r": 0.105781128,
                "timestamp": "19700101 000645128"
            },
            "5": {
                "y": -0.1056753322,
                "x": -0.0040548348,
                "direction": true,
                "r": 0.105753097,
                "timestamp": "19700101 000646064"
            },
            "6": {
                "y": -0.105767516,
                "x": -0.0039900626,
                "direction": true,
                "r": 0.1058427515,
                "timestamp": "19700101 000647128"
            },
            "7": {
                "y": -0.1057725297,
                "x": -0.0039835614,
                "direction": true,
                "r": 0.1058475167,
                "timestamp": "19700101 000648064"
            },
            "8": {
                "y": -0.1057791138,
                "x": -0.0039991638,
                "direction": true,
                "r": 0.1058546845,
                "timestamp": "19700101 000649136"
            },
            "9": {
                "y": -0.1056677209,
                "x": -0.0039290013,
                "direction": true,
                "r": 0.1057407409,
                "timestamp": "19700101 000650288"
            }
        }
    ],
    "Mission Time": {
        "start": "19700101 000227408"
    }
}