{
    "Report": {
        "try": true,
        "success": true
    },
    "Illegal": false,
    "QR": {
        "0": {
            "timestamp": "19700101 000346584",
            "result": true
        }
    },
    "Approach": [
        {
            "0": {
                "y": -0.0968043255,
                "x": -0.0024510226,
                "direction": true,
                "r": 0.0968353497,
                "timestamp": "19700101 000501904"
            },
            "1": {
                "y": -0.0968339728,
                "x": -0.0024321728,
                "direction": true,
                "r": 0.0968645123,
                "timestamp": "19700101 000502824"
            },
            "2": {
                "y": -0.0968523776,
                "x": -0.0023977281,
                "direction": true,
                "r": 0.0968820528,
                "timestamp": "19700101 000503816"
            },
            "3": {
                "y": -0.0967380084,
                "x": -0.0023733872,
                "direction": true,
                "r": 0.0967671186,
                "timestamp": "19700101 000504808"
            },
            "4": {
                "y": -0.0966808539,
                "x": -0.0023701715,
                "direction": true,
                "r": 0.0967099024,
                "timestamp": "19700101 000505808"
            },
            "5": {
                "y": -0.0966991448,
                "x": -0.0024051255,
                "direction": true,
                "r": 0.0967290506,
                "timestamp": "19700101 000506768"
            },
            "6": {
                "y": -0.0967157251,
                "x": -0.0024288674,
                "direction": true,
                "r": 0.0967462189,
                "timestamp": "19700101 000507768"
            },
            "7": {
                "y": -0.0966709162,
                "x": -0.0024372216,
                "direction": true,
                "r": 0.0967016344,
                "timestamp": "19700101 000508736"
            },
            "8": {
                "y": -0.0966281893,
                "x": -0.0023564634,
                "direction": true,
                "r": 0.0966569185,
                "timestamp": "19700101 000510000"
            },
            "9": {
                "y": -0.096456888,
                "x": -0.002225116,
                "direction": true,
                "r": 0.0964825496,
                "timestamp": "19700101 000510888"
            }
        }
    ],
    "Mission Time": {
        "start": "19700101 000220232",
        "finish": "19700101 000628616"
    }
}