{
    "Report": {
        "try": true,
        "success": true
    },
    "Illegal": false,
    "QR": {
        "0": {
            "timestamp": "19700101 000352776",
            "result": true
        }
    },
    "Approach": [
        {
            "0": {
                "y": -0.0923713394,
                "x": -0.1800472477,
                "direction": true,
                "r": 0.2023597681,
                "timestamp": "19700101 000539512"
            },
            "1": {
                "y": -0.0923366565,
                "x": -0.1800695449,
                "direction": true,
                "r": 0.2023637792,
                "timestamp": "19700101 000540336"
            },
            "2": {
                "y": -0.0924466286,
                "x": -0.1801391028,
                "direction": true,
                "r": 0.202475864,
                "timestamp": "19700101 000541512"
            },
            "3": {
                "y": -0.0924995194,
                "x": -0.1800989392,
                "direction": true,
                "r": 0.2024642907,
                "timestamp": "19700101 000542528"
            },
            "4": {
                "y": -0.0925108328,
                "x": -0.1801572054,
                "direction": true,
                "r": 0.2025212899,
                "timestamp": "19700101 000543472"
            },
            "5": {
                "y": -0.0925371648,
                "x": -0.18022841,
                "direction": true,
                "r": 0.20259666,
                "timestamp": "19700101 000544664"
            },
            "6": {
                "y": -0.092403688,
                "x": -0.1801724889,
                "direction": true,
                "r": 0.2024859682,
                "timestamp": "19700101 000545496"
            },
            "7": {
                "y": -0.0922872345,
                "x": -0.1801867876,
                "direction": true,
                "r": 0.2024455781,
                "timestamp": "19700101 000546568"
            },
            "8": {
                "y": -0.0923382767,
                "x": -0.1802152171,
                "direction": true,
                "r": 0.2024941526,
                "timestamp": "19700101 000547576"
            },
            "9": {
                "y": -0.0925065481,
                "x": -0.1802030991,
                "direction": true,
                "r": 0.2025601599,
                "timestamp": "19700101 000548696"
            }
        }
    ],
    "Mission Time": {
        "start": "19700101 000221552",
        "finish": "19700101 000718616"
    }
}