{
    "Report": {
        "try": true,
        "success": true
    },
    "Illegal": false,
    "QR": {
        "0": {
            "timestamp": "19700101 000439048",
            "result": true
        }
    },
    "Approach": [
        {
            "0": {
                "y": -0.1030319447,
                "x": -0.0009802129,
                "direction": true,
                "r": 0.1030366073,
                "timestamp": "19700101 000636928"
            },
            "1": {
                "y": -0.1031109351,
                "x": -0.0009343283,
                "direction": true,
                "r": 0.1031151682,
                "timestamp": "19700101 000637568"
            },
            "2": {
                "y": -0.1031021599,
                "x": -0.0008644438,
                "direction": true,
                "r": 0.1031057837,
                "timestamp": "19700101 000638592"
            },
            "3": {
                "y": -0.1032014154,
                "x": -0.0007518968,
                "direction": true,
                "r": 0.1032041544,
                "timestamp": "19700101 000639592"
            },
            "4": {
                "y": -0.1031265329,
                "x": -0.0007691693,
                "direction": true,
                "r": 0.1031294013,
                "timestamp": "19700101 000640632"
            },
            "5": {
                "y": -0.1028914469,
                "x": -0.000810038,
                "direction": true,
                "r": 0.1028946355,
                "timestamp": "19700101 000641752"
            },
            "6": {
                "y": -0.1026362103,
                "x": -0.0009832663,
                "direction": true,
                "r": 0.1026409201,
                "timestamp": "19700101 000643360"
            },
            "7": {
                "y": -0.1025803489,
                "x": -0.0010029643,
                "direction": true,
                "r": 0.102585252,
                "timestamp": "19700101 000644296"
            },
            "8": {
                "y": -0.102368586,
                "x": -0.0010004936,
                "direction": true,
                "r": 0.102373475,
                "timestamp": "19700101 000645264"
            },
            "9": {
                "y": -0.1023094796,
                "x": -0.0010542488,
                "direction": true,
                "r": 0.1023149112,
                "timestamp": "19700101 000646432"
            }
        }
    ],
    "Mission Time": {
        "start": "19700101 000253952",
        "finish": "19700101 000812760"
    }
}