{
    "Report": {
        "try": true,
        "success": true
    },
    "Illegal": false,
    "QR": {
        "0": {
            "timestamp": "19700101 000325424",
            "result": true
        }
    },
    "Approach": [
        {
            "0": {
                "y": 0.1113254367,
                "x": -0.0200469403,
                "direction": true,
                "r": 0.1131160142,
                "timestamp": "19700101 000505352"
            },
            "1": {
                "y": 0.1113126102,
                "x": -0.0200667222,
                "direction": true,
                "r": 0.1131068987,
                "timestamp": "19700101 000506104"
            },
            "2": {
                "y": 0.1112080198,
                "x": -0.0201398221,
                "direction": true,
                "r": 0.1130169726,
                "timestamp": "19700101 000507104"
            },
            "3": {
                "y": 0.1112449709,
                "x": -0.0201229814,
                "direction": true,
                "r": 0.1130503336,
                "timestamp": "19700101 000508112"
            },
            "4": {
                "y": 0.1112871746,
                "x": -0.0200908984,
                "direction": true,
                "r": 0.1130861593,
                "timestamp": "19700101 000509160"
            },
            "5": {
                "y": 0.1112936529,
                "x": -0.0200821674,
                "direction": true,
                "r": 0.1130909838,
                "timestamp": "19700101 000510168"
            },
            "6": {
                "y": 0.1113035472,
                "x": -0.0201610471,
                "direction": true,
                "r": 0.1131147534,
                "timestamp": "19700101 000511240"
            },
            "7": {
                "y": 0.1112860524,
                "x": -0.020111434,
                "direction": true,
                "r": 0.1130887052,
                "timestamp": "19700101 000512304"
            },
            "8": {
                "y": 0.1113552771,
                "x": -0.0200969313,
                "direction": true,
                "r": 0.1131542504,
                "timestamp": "19700101 000513248"
            },
            "9": {
                "y": 0.1113975335,
                "x": -0.0200576931,
                "direction": true,
                "r": 0.1131888754,
                "timestamp": "19700101 000514464"
            }
        }
    ],
    "Mission Time": {
        "start": "19700101 000225720",
        "finish": "19700101 000634136"
    }
}