{
    "Report": {
        "try": true,
        "success": true
    },
    "Illegal": false,
    "QR": {
        "0": {
            "timestamp": "19700101 000316224",
            "result": true
        }
    },
    "Approach": [
        {
            "0": {
                "y": 0.7040003936,
                "x": 0.0624685665,
                "direction": true,
                "r": 0.7067664933,
                "timestamp": "19700101 000506592"
            },
            "1": {
                "y": 0.7041196772,
                "x": 0.0623852091,
                "direction": true,
                "r": 0.7068779485,
                "timestamp": "19700101 000507536"
            },
            "2": {
                "y": 0.7042574186,
                "x": 0.0623743882,
                "direction": true,
                "r": 0.7070141978,
                "timestamp": "19700101 000508488"
            },
            "3": {
                "y": 0.704252517,
                "x": 0.0623329368,
                "direction": true,
                "r": 0.7070056596,
                "timestamp": "19700101 000509512"
            },
            "4": {
                "y": 0.7043259413,
                "x": 0.0622520215,
                "direction": true,
                "r": 0.7070716695,
                "timestamp": "19700101 000510576"
            },
            "5": {
                "y": 0.7043149808,
                "x": 0.0621994982,
                "direction": true,
                "r": 0.7070561291,
                "timestamp": "19700101 000511616"
            },
            "6": {
                "y": 0.7042657313,
                "x": 0.0622747154,
                "direction": true,
                "r": 0.7070136918,
                "timestamp": "19700101 000512616"
            },
            "7": {
                "y": 0.7042299513,
                "x": 0.0622516918,
                "direction": true,
                "r": 0.7069760232,
                "timestamp": "19700101 000513656"
            },
            "8": {
                "y": 0.7041994254,
                "x": 0.0622798214,
                "direction": true,
                "r": 0.7069480935,
                "timestamp": "19700101 000514648"
            },
            "9": {
                "y": 0.7041828845,
                "x": 0.0624028807,
                "direction": true,
                "r": 0.7069424689,
                "timestamp": "19700101 000515648"
            }
        }
    ],
    "Mission Time": {
        "start": "19700101 000146928",
        "finish": "19700101 000644208"
    }
}