{
    "Report": {
        "try": true,
        "success": false
    },
    "Illegal": false,
    "QR": {
        "0": {
            "timestamp": "19700101 000339504",
            "result": true
        }
    },
    "Approach": [
        {
            "0": {
                "y": -8.0984554244,
                "x": 2.9610406099,
                "direction": true,
                "r": 8.6228035902,
                "timestamp": "19700101 000504632"
            },
            "1": {
                "y": -8.0936735678,
                "x": 2.9596464052,
                "direction": true,
                "r": 8.6178337572,
                "timestamp": "19700101 000505648"
            },
            "2": {
                "y": -8.0745819743,
                "x": 2.9521177553,
                "direction": true,
                "r": 8.5973177969,
                "timestamp": "19700101 000506760"
            },
            "3": {
                "y": -8.079305933,
                "x": 2.9536912789,
                "direction": true,
                "r": 8.6022948409,
                "timestamp": "19700101 000507680"
            },
            "4": {
                "y": -8.0775343827,
                "x": 2.950980414,
                "direction": true,
                "r": 8.599700408,
                "timestamp": "19700101 000508744"
            },
            "5": {
                "y": -8.0765240857,
                "x": 2.9521709042,
                "direction": true,
                "r": 8.5991600959,
                "timestamp": "19700101 000509768"
            },
            "6": {
                "y": -8.0864743259,
                "x": 2.9552616692,
                "direction": true,
                "r": 8.6095666881,
                "timestamp": "19700101 000510720"
            },
            "7": {
                "y": -8.0800618105,
                "x": 2.9529963297,
                "direction": true,
                "r": 8.6027661938,
                "timestamp": "19700101 000511784"
            },
            "8": {
                "y": -8.0770960651,
                "x": 2.951788911,
                "direction": true,
                "r": 8.5995661879,
                "timestamp": "19700101 000512776"
            },
            "9": {
                "y": -8.0871589192,
                "x": 2.9555741148,
                "direction": true,
                "r": 8.6103169357,
                "timestamp": "19700101 000513784"
            }
        }
    ],
    "Mission Time": {
        "start": "19700101 000147784",
        "finish": "19700101 000533512"
    }
}