{
    "Report": {
        "try": false,
        "success": false
    },
    "Illegal": false,
    "QR": {
        "0": {
            "timestamp": "19700101 000459088",
            "result": true
        }
    },
    "Approach": [
        {
            "0": {
                "y": -0.0571020903,
                "x": 0.0035902541,
                "direction": true,
                "r": 0.0572148463,
                "timestamp": "19700101 000748512"
            },
            "1": {
                "y": -0.0571133685,
                "x": 0.0036111871,
                "direction": true,
                "r": 0.0572274194,
                "timestamp": "19700101 000749328"
            },
            "2": {
                "y": -0.0571416841,
                "x": 0.0035682948,
                "direction": true,
                "r": 0.0572529894,
                "timestamp": "19700101 000750168"
            },
            "3": {
                "y": -0.0572057022,
                "x": 0.0035646131,
                "direction": true,
                "r": 0.057316654,
                "timestamp": "19700101 000751160"
            },
            "4": {
                "y": -0.0571688815,
                "x": 0.0036105438,
                "direction": true,
                "r": 0.0572827813,
                "timestamp": "19700101 000752168"
            },
            "5": {
                "y": -0.0570968091,
                "x": 0.0036446758,
                "direction": true,
                "r": 0.0572130166,
                "timestamp": "19700101 000753304"
            },
            "6": {
                "y": -0.0570427235,
                "x": 0.0036252446,
                "direction": true,
                "r": 0.0571578053,
                "timestamp": "19700101 000754576"
            },
            "7": {
                "y": -0.0570303313,
                "x": 0.0036376873,
                "direction": true,
                "r": 0.0571462287,
                "timestamp": "19700101 000755272"
            },
            "8": {
                "y": -0.0570212261,
                "x": 0.0036630748,
                "direction": true,
                "r": 0.0571387639,
                "timestamp": "19700101 000756440"
            },
            "9": {
                "y": -0.0570017502,
                "x": 0.0035778184,
                "direction": true,
                "r": 0.057113924,
                "timestamp": "19700101 000757360"
            }
        }
    ],
    "Mission Time": {
        "start": "19700101 000224168"
    }
}