{
    "Report": {
        "try": true,
        "success": true
    },
    "Illegal": false,
    "QR": {
        "0": {
            "timestamp": "19700101 000317192",
            "result": true
        }
    },
    "Approach": [
        {
            "0": {
                "y": 0.0150986753,
                "x": -0.0148131416,
                "direction": true,
                "r": 0.0211518122,
                "timestamp": "19700101 000443088"
            },
            "1": {
                "y": 0.0151532799,
                "x": -0.0149951767,
                "direction": true,
                "r": 0.0213184712,
                "timestamp": "19700101 000444096"
            },
            "2": {
                "y": 0.0152057607,
                "x": -0.0150188015,
                "direction": true,
                "r": 0.0213724018,
                "timestamp": "19700101 000445120"
            },
            "3": {
                "y": 0.0152598281,
                "x": -0.0149757277,
                "direction": true,
                "r": 0.0213807103,
                "timestamp": "19700101 000446136"
            },
            "4": {
                "y": 0.0153417988,
                "x": -0.0149751912,
                "direction": true,
                "r": 0.0214389165,
                "timestamp": "19700101 000447168"
            },
            "5": {
                "y": 0.0153362959,
                "x": -0.0149664931,
                "direction": true,
                "r": 0.0214289031,
                "timestamp": "19700101 000448168"
            },
            "6": {
                "y": 0.0153142866,
                "x": -0.0149931251,
                "direction": true,
                "r": 0.0214317795,
                "timestamp": "19700101 000449200"
            },
            "7": {
                "y": 0.0152791846,
                "x": -0.0149946386,
                "direction": true,
                "r": 0.0214077712,
                "timestamp": "19700101 000450256"
            },
            "8": {
                "y": 0.0152682906,
                "x": -0.0149764675,
                "direction": true,
                "r": 0.021387269,
                "timestamp": "19700101 000451232"
            },
            "9": {
                "y": 0.0152261515,
                "x": -0.0149928302,
                "direction": true,
                "r": 0.0213686838,
                "timestamp": "19700101 000452232"
            }
        }
    ],
    "Mission Time": {
        "start": "19700101 000208352",
        "finish": "19700101 000607288"
    }
}