{
    "Report": {
        "try": true,
        "success": true
    },
    "Illegal": false,
    "QR": {
        "0": {
            "timestamp": "19700101 000350896",
            "result": true
        }
    },
    "Approach": [
        {
            "0": {
                "y": -0.0859143871,
                "x": 0.0073734511,
                "direction": true,
                "r": 0.0862302133,
                "timestamp": "19700101 000610128"
            },
            "1": {
                "y": -0.0859029333,
                "x": 0.0073947975,
                "direction": true,
                "r": 0.0862206297,
                "timestamp": "19700101 000610808"
            },
            "2": {
                "y": -0.0858909163,
                "x": 0.0073651531,
                "direction": true,
                "r": 0.0862061192,
                "timestamp": "19700101 000611904"
            },
            "3": {
                "y": -0.0858191435,
                "x": 0.0073344766,
                "direction": true,
                "r": 0.0861319914,
                "timestamp": "19700101 000612952"
            },
            "4": {
                "y": -0.0857710144,
                "x": 0.0073192567,
                "direction": true,
                "r": 0.0860827418,
                "timestamp": "19700101 000613992"
            },
            "5": {
                "y": -0.0857557013,
                "x": 0.0073020652,
                "direction": true,
                "r": 0.0860660239,
                "timestamp": "19700101 000614984"
            },
            "6": {
                "y": -0.0857861423,
                "x": 0.0073592681,
                "direction": true,
                "r": 0.0861012255,
                "timestamp": "19700101 000616056"
            },
            "7": {
                "y": -0.0857293765,
                "x": 0.0073081131,
                "direction": true,
                "r": 0.0860403075,
                "timestamp": "19700101 000616984"
            },
            "8": {
                "y": -0.0857599132,
                "x": 0.0073270575,
                "direction": true,
                "r": 0.0860723445,
                "timestamp": "19700101 000618088"
            },
            "9": {
                "y": -0.0856984214,
                "x": 0.0073295216,
                "direction": true,
                "r": 0.086011286,
                "timestamp": "19700101 000619008"
            }
        }
    ],
    "Mission Time": {
        "start": "19700101 000214216",
        "finish": "19700101 000744840"
    }
}