{
    "Report": {
        "try": true,
        "success": true
    },
    "Illegal": false,
    "QR": {
        "0": {
            "timestamp": "19700101 000355272",
            "result": true
        }
    },
    "Approach": [
        {
            "0": {
                "y": 0.1324413787,
                "x": -0.0115283714,
                "direction": true,
                "r": 0.1329421759,
                "timestamp": "19700101 000602616"
            },
            "1": {
                "y": 0.1324513642,
                "x": -0.0116641891,
                "direction": true,
                "r": 0.1329639695,
                "timestamp": "19700101 000603552"
            },
            "2": {
                "y": 0.1323467604,
                "x": -0.0117037652,
                "direction": true,
                "r": 0.1328632497,
                "timestamp": "19700101 000604512"
            },
            "3": {
                "y": 0.1323489518,
                "x": -0.0116205818,
                "direction": true,
                "r": 0.132858131,
                "timestamp": "19700101 000605536"
            },
            "4": {
                "y": 0.1322655641,
                "x": -0.011581563,
                "direction": true,
                "r": 0.1327716538,
                "timestamp": "19700101 000606560"
            },
            "5": {
                "y": 0.1322201078,
                "x": -0.0114873315,
                "direction": true,
                "r": 0.1327181815,
                "timestamp": "19700101 000607608"
            },
            "6": {
                "y": 0.1321963085,
                "x": -0.0115213523,
                "direction": true,
                "r": 0.132697421,
                "timestamp": "19700101 000608592"
            },
            "7": {
                "y": 0.1321202883,
                "x": -0.0115604612,
                "direction": true,
                "r": 0.1326250913,
                "timestamp": "19700101 000609632"
            },
            "8": {
                "y": 0.1321586467,
                "x": -0.0115504989,
                "direction": true,
                "r": 0.132662436,
                "timestamp": "19700101 000610592"
            },
            "9": {
                "y": 0.1322753932,
                "x": -0.0115908583,
                "direction": true,
                "r": 0.1327822565,
                "timestamp": "19700101 000611600"
            }
        }
    ],
    "Mission Time": {
        "start": "19700101 000208656",
        "finish": "19700101 000726056"
    }
}