{
    "Report": {
        "try": true,
        "success": true
    },
    "Illegal": false,
    "QR": {
        "0": {
            "timestamp": "19700101 000350312",
            "result": true
        }
    },
    "Approach": [
        {
            "0": {
                "y": 0.1185550535,
                "x": 0.1558570924,
                "direction": true,
                "r": 0.1958232212,
                "timestamp": "19700101 000525880"
            },
            "1": {
                "y": 0.1185221803,
                "x": 0.1558831652,
                "direction": true,
                "r": 0.1958240752,
                "timestamp": "19700101 000526952"
            },
            "2": {
                "y": 0.1184805133,
                "x": 0.1558621282,
                "direction": true,
                "r": 0.1957821111,
                "timestamp": "19700101 000528056"
            },
            "3": {
                "y": 0.1185399576,
                "x": 0.1558220071,
                "direction": true,
                "r": 0.1957861574,
                "timestamp": "19700101 000529432"
            },
            "4": {
                "y": 0.1185553254,
                "x": 0.1558524275,
                "direction": true,
                "r": 0.195819673,
                "timestamp": "19700101 000530120"
            },
            "5": {
                "y": 0.1184367153,
                "x": 0.1558710727,
                "direction": true,
                "r": 0.195762731,
                "timestamp": "19700101 000531320"
            },
            "6": {
                "y": 0.1184825076,
                "x": 0.1559244401,
                "direction": true,
                "r": 0.1958329278,
                "timestamp": "19700101 000532224"
            },
            "7": {
                "y": 0.11852783,
                "x": 0.1558982409,
                "direction": true,
                "r": 0.1958394955,
                "timestamp": "19700101 000533184"
            },
            "8": {
                "y": 0.1185971858,
                "x": 0.155688149,
                "direction": true,
                "r": 0.1957143128,
                "timestamp": "19700101 000534296"
            },
            "9": {
                "y": 0.1185409908,
                "x": 0.1556149891,
                "direction": true,
                "r": 0.1956220625,
                "timestamp": "19700101 000535248"
            }
        }
    ],
    "Mission Time": {
        "start": "19700101 000220768",
        "finish": "19700101 000659696"
    }
}