{
    "Report": {
        "try": true,
        "success": true
    },
    "Illegal": false,
    "QR": {
        "0": {
            "timestamp": "19700101 000414096",
            "result": true
        }
    },
    "Approach": [
        {
            "0": {
                "y": 0.3438015773,
                "x": 0.0248127602,
                "direction": true,
                "r": 0.3446958045,
                "timestamp": "19700101 000606472"
            },
            "1": {
                "y": 0.3438062954,
                "x": 0.0247742122,
                "direction": true,
                "r": 0.3446977377,
                "timestamp": "19700101 000607616"
            },
            "2": {
                "y": 0.3437880943,
                "x": 0.0248005863,
                "direction": true,
                "r": 0.3446814803,
                "timestamp": "19700101 000609320"
            },
            "3": {
                "y": 0.3437893265,
                "x": 0.0248063475,
                "direction": true,
                "r": 0.3446831239,
                "timestamp": "19700101 000609640"
            },
            "4": {
                "y": 0.3437627766,
                "x": 0.0247876293,
                "direction": true,
                "r": 0.3446552961,
                "timestamp": "19700101 000610648"
            },
            "5": {
                "y": 0.3437843867,
                "x": 0.0247016962,
                "direction": true,
                "r": 0.344670681,
                "timestamp": "19700101 000611720"
            },
            "6": {
                "y": 0.3437822197,
                "x": 0.0246982753,
                "direction": true,
                "r": 0.3446682744,
                "timestamp": "19700101 000612728"
            },
            "7": {
                "y": 0.3437886256,
                "x": 0.0247118264,
                "direction": true,
                "r": 0.3446756351,
                "timestamp": "19700101 000613784"
            },
            "8": {
                "y": 0.3437806433,
                "x": 0.0247600611,
                "direction": true,
                "r": 0.344671135,
                "timestamp": "19700101 000614808"
            },
            "9": {
                "y": 0.3437626499,
                "x": 0.0247424807,
                "direction": true,
                "r": 0.3446519256,
                "timestamp": "19700101 000615808"
            }
        }
    ],
    "Mission Time": {
        "start": "19700101 000220784",
        "finish": "19700101 000735024"
    }
}