{
    "Report": {
        "try": true,
        "success": true
    },
    "Illegal": false,
    "QR": {
        "0": {
            "timestamp": "19700101 000311416",
            "result": true
        }
    },
    "Approach": [
        {
            "0": {
                "y": 0.1950181442,
                "x": 0.01757838,
                "direction": true,
                "r": 0.1958087741,
                "timestamp": "19700101 000445256"
            },
            "1": {
                "y": 0.1949684505,
                "x": 0.0174964147,
                "direction": true,
                "r": 0.195751938,
                "timestamp": "19700101 000446216"
            },
            "2": {
                "y": 0.1949545207,
                "x": 0.0175643926,
                "direction": true,
                "r": 0.195744152,
                "timestamp": "19700101 000447224"
            },
            "3": {
                "y": 0.1948965849,
                "x": 0.0176027092,
                "direction": true,
                "r": 0.1956898929,
                "timestamp": "19700101 000448264"
            },
            "4": {
                "y": 0.1948830091,
                "x": 0.0175710238,
                "direction": true,
                "r": 0.1956735243,
                "timestamp": "19700101 000449304"
            },
            "5": {
                "y": 0.194824903,
                "x": 0.0175746672,
                "direction": true,
                "r": 0.1956159803,
                "timestamp": "19700101 000450296"
            },
            "6": {
                "y": 0.1948641597,
                "x": 0.0175227646,
                "direction": true,
                "r": 0.195650423,
                "timestamp": "19700101 000451336"
            },
            "7": {
                "y": 0.1948703093,
                "x": 0.0175484487,
                "direction": true,
                "r": 0.1956588498,
                "timestamp": "19700101 000452400"
            },
            "8": {
                "y": 0.1949008844,
                "x": 0.0175649784,
                "direction": true,
                "r": 0.1956907847,
                "timestamp": "19700101 000453392"
            },
            "9": {
                "y": 0.194882238,
                "x": 0.0175378677,
                "direction": true,
                "r": 0.1956697818,
                "timestamp": "19700101 000454488"
            }
        }
    ],
    "Mission Time": {
        "start": "19700101 000215272",
        "finish": "19700101 000607400"
    }
}