{
    "Report": {
        "try": true,
        "success": true
    },
    "Illegal": false,
    "QR": {
        "0": {
            "timestamp": "19700101 000343200",
            "result": true
        }
    },
    "Approach": [
        {
            "0": {
                "y": 0.2970152226,
                "x": 0.229874018,
                "direction": true,
                "r": 0.3755796941,
                "timestamp": "19700101 000512248"
            },
            "1": {
                "y": 0.297020328,
                "x": 0.2298877084,
                "direction": true,
                "r": 0.3755921108,
                "timestamp": "19700101 000513144"
            },
            "2": {
                "y": 0.2970188793,
                "x": 0.2298922585,
                "direction": true,
                "r": 0.3755937502,
                "timestamp": "19700101 000514224"
            },
            "3": {
                "y": 0.2970299628,
                "x": 0.2298822365,
                "direction": true,
                "r": 0.3755963811,
                "timestamp": "19700101 000515256"
            },
            "4": {
                "y": 0.2970532096,
                "x": 0.2299018299,
                "direction": true,
                "r": 0.3756267572,
                "timestamp": "19700101 000516344"
            },
            "5": {
                "y": 0.2970539369,
                "x": 0.229916168,
                "direction": true,
                "r": 0.3756361081,
                "timestamp": "19700101 000517280"
            },
            "6": {
                "y": 0.297030414,
                "x": 0.2299111269,
                "direction": true,
                "r": 0.3756144208,
                "timestamp": "19700101 000518392"
            },
            "7": {
                "y": 0.2969949763,
                "x": 0.2299341498,
                "direction": true,
                "r": 0.3756004915,
                "timestamp": "19700101 000519328"
            },
            "8": {
                "y": 0.2970321319,
                "x": 0.2299434807,
                "direction": true,
                "r": 0.3756355836,
                "timestamp": "19700101 000520344"
            },
            "9": {
                "y": 0.2970493814,
                "x": 0.2299333175,
                "direction": true,
                "r": 0.3756430027,
                "timestamp": "19700101 000521376"
            }
        }
    ],
    "Mission Time": {
        "start": "19700101 000221680",
        "finish": "19700101 000635240"
    }
}