{
    "Report": {
        "try": true,
        "success": true
    },
    "Illegal": false,
    "QR": {
        "0": {
            "timestamp": "19700101 000308392",
            "result": true
        }
    },
    "Approach": [
        {
            "0": {
                "y": 0.3920893112,
                "x": 0.0114905459,
                "direction": true,
                "r": 0.3922576457,
                "timestamp": "19700101 000440832"
            },
            "1": {
                "y": 0.3919891457,
                "x": 0.0112576144,
                "direction": true,
                "r": 0.3921507672,
                "timestamp": "19700101 000441808"
            },
            "2": {
                "y": 0.3920784529,
                "x": 0.0113529984,
                "direction": true,
                "r": 0.3922427868,
                "timestamp": "19700101 000442944"
            },
            "3": {
                "y": 0.3921013157,
                "x": 0.0099819625,
                "direction": true,
                "r": 0.3922283536,
                "timestamp": "19700101 000444016"
            },
            "4": {
                "y": 0.3920236641,
                "x": 0.0111189191,
                "direction": true,
                "r": 0.3921813147,
                "timestamp": "19700101 000445000"
            },
            "5": {
                "y": 0.3919868327,
                "x": 0.0111650815,
                "direction": true,
                "r": 0.3921458097,
                "timestamp": "19700101 000446048"
            },
            "6": {
                "y": 0.3920129185,
                "x": 0.0111734201,
                "direction": true,
                "r": 0.3921721224,
                "timestamp": "19700101 000447048"
            },
            "7": {
                "y": 0.391987994,
                "x": 0.0108900414,
                "direction": true,
                "r": 0.392139236,
                "timestamp": "19700101 000448048"
            },
            "8": {
                "y": 0.3920111937,
                "x": 0.0109489176,
                "direction": true,
                "r": 0.3921640662,
                "timestamp": "19700101 000449120"
            },
            "9": {
                "y": 0.3920487581,
                "x": 0.0110465979,
                "direction": true,
                "r": 0.392204355,
                "timestamp": "19700101 000450112"
            }
        }
    ],
    "Mission Time": {
        "start": "19700101 000213520",
        "finish": "19700101 000601392"
    }
}