{
    "Report": {
        "try": false,
        "success": false
    },
    "Illegal": false,
    "QR": {
        "0": {
            "timestamp": "19700101 000441400",
            "result": true
        }
    },
    "Approach": [
        {
            "0": {
                "y": 0.3402553871,
                "x": 0.0042657416,
                "direction": true,
                "r": 0.3402821256,
                "timestamp": "19700101 000727048"
            },
            "1": {
                "y": 0.3399127158,
                "x": 0.0043115618,
                "direction": true,
                "r": 0.3399400593,
                "timestamp": "19700101 000727616"
            },
            "2": {
                "y": 0.3396937693,
                "x": 0.0043897192,
                "direction": true,
                "r": 0.3397221314,
                "timestamp": "19700101 000728640"
            },
            "3": {
                "y": 0.3394580479,
                "x": 0.0042819251,
                "direction": true,
                "r": 0.3394850529,
                "timestamp": "19700101 000729656"
            },
            "4": {
                "y": 0.3404747577,
                "x": 0.0051914276,
                "direction": true,
                "r": 0.3405143338,
                "timestamp": "19700101 000730632"
            },
            "5": {
                "y": 0.3433349524,
                "x": 0.0057661816,
                "direction": true,
                "r": 0.3433833694,
                "timestamp": "19700101 000732304"
            },
            "6": {
                "y": 0.3434318779,
                "x": 0.0056634289,
                "direction": true,
                "r": 0.3434785717,
                "timestamp": "19700101 000732696"
            },
            "7": {
                "y": 0.3422877704,
                "x": 0.0059089921,
                "direction": true,
                "r": 0.3423387707,
                "timestamp": "19700101 000734016"
            },
            "8": {
                "y": 0.3419461884,
                "x": 0.0060736347,
                "direction": true,
                "r": 0.342000124,
                "timestamp": "19700101 000734744"
            },
            "9": {
                "y": 0.3433898537,
                "x": 0.0061957435,
                "direction": true,
                "r": 0.3434457437,
                "timestamp": "19700101 000735800"
            }
        }
    ],
    "Mission Time": {
        "start": "19700101 000228144"
    }
}