{
    "Report": {
        "try": true,
        "success": true
    },
    "Illegal": false,
    "QR": {
        "0": {
            "timestamp": "19700101 000416256",
            "result": true
        }
    },
    "Approach": [
        {
            "0": {
                "y": 0.415987792,
                "x": 0.0168938349,
                "direction": true,
                "r": 0.4163306916,
                "timestamp": "19700101 000558024"
            },
            "1": {
                "y": 0.4158898767,
                "x": 0.0169109487,
                "direction": true,
                "r": 0.4162335519,
                "timestamp": "19700101 000558848"
            },
            "2": {
                "y": 0.4159526422,
                "x": 0.0169802837,
                "direction": true,
                "r": 0.4162990879,
                "timestamp": "19700101 000559840"
            },
            "3": {
                "y": 0.4158988286,
                "x": 0.0171753053,
                "direction": true,
                "r": 0.4162533204,
                "timestamp": "19700101 000600872"
            },
            "4": {
                "y": 0.4159165387,
                "x": 0.0171233087,
                "direction": true,
                "r": 0.4162688733,
                "timestamp": "19700101 000601856"
            },
            "5": {
                "y": 0.4159893046,
                "x": 0.0171253234,
                "direction": true,
                "r": 0.4163416605,
                "timestamp": "19700101 000602936"
            },
            "6": {
                "y": 0.4161489034,
                "x": 0.0171805755,
                "direction": true,
                "r": 0.4165033997,
                "timestamp": "19700101 000603928"
            },
            "7": {
                "y": 0.4163390383,
                "x": 0.0171220653,
                "direction": true,
                "r": 0.4166909645,
                "timestamp": "19700101 000604952"
            },
            "8": {
                "y": 0.4164389652,
                "x": 0.0170057459,
                "direction": true,
                "r": 0.4167860448,
                "timestamp": "19700101 000605984"
            },
            "9": {
                "y": 0.4163188619,
                "x": 0.0169704921,
                "direction": true,
                "r": 0.4166646042,
                "timestamp": "19700101 000606984"
            }
        }
    ],
    "Mission Time": {
        "start": "19700101 000226128",
        "finish": "19700101 000733040"
    }
}