{
    "Report": {
        "try": true,
        "success": true
    },
    "Illegal": false,
    "QR": {
        "0": {
            "timestamp": "19700101 000331264",
            "result": true
        }
    },
    "Approach": [
        {
            "0": {
                "y": 0.7145104486,
                "x": 0.0775291426,
                "direction": true,
                "r": 0.7187043545,
                "timestamp": "19700101 000604336"
            },
            "1": {
                "y": 0.7144821878,
                "x": 0.0775203455,
                "direction": true,
                "r": 0.7186753096,
                "timestamp": "19700101 000605104"
            },
            "2": {
                "y": 0.7144106253,
                "x": 0.0774240207,
                "direction": true,
                "r": 0.7185937799,
                "timestamp": "19700101 000606088"
            },
            "3": {
                "y": 0.7143305038,
                "x": 0.0773168539,
                "direction": true,
                "r": 0.7185025849,
                "timestamp": "19700101 000607040"
            },
            "4": {
                "y": 0.7143627953,
                "x": 0.0772342393,
                "direction": true,
                "r": 0.718525804,
                "timestamp": "19700101 000608104"
            },
            "5": {
                "y": 0.7142926755,
                "x": 0.0773240777,
                "direction": true,
                "r": 0.7184657537,
                "timestamp": "19700101 000609056"
            },
            "6": {
                "y": 0.7143345036,
                "x": 0.0773746168,
                "direction": true,
                "r": 0.7185127795,
                "timestamp": "19700101 000610096"
            },
            "7": {
                "y": 0.7143616142,
                "x": 0.0773532437,
                "direction": true,
                "r": 0.7185374313,
                "timestamp": "19700101 000611080"
            },
            "8": {
                "y": 0.7143589582,
                "x": 0.0772976577,
                "direction": true,
                "r": 0.7185288088,
                "timestamp": "19700101 000612072"
            },
            "9": {
                "y": 0.7144535476,
                "x": 0.0772858341,
                "direction": true,
                "r": 0.7186215776,
                "timestamp": "19700101 000613168"
            }
        }
    ],
    "Mission Time": {
        "start": "19700101 000213040",
        "finish": "19700101 000734056"
    }
}