{
    "Report": {
        "try": true,
        "success": true
    },
    "Illegal": false,
    "QR": {
        "0": {
            "timestamp": "19700101 000400704",
            "result": true
        }
    },
    "Approach": [
        {
            "0": {
                "y": 0.2321953337,
                "x": -0.0667303593,
                "direction": true,
                "r": 0.2415939027,
                "timestamp": "19700101 000507952"
            },
            "1": {
                "y": 0.2321832213,
                "x": -0.0668123005,
                "direction": true,
                "r": 0.2416049084,
                "timestamp": "19700101 000508880"
            },
            "2": {
                "y": 0.2320679334,
                "x": -0.0668406939,
                "direction": true,
                "r": 0.2415019753,
                "timestamp": "19700101 000509896"
            },
            "3": {
                "y": 0.2320547182,
                "x": -0.0669121653,
                "direction": true,
                "r": 0.2415090684,
                "timestamp": "19700101 000510912"
            },
            "4": {
                "y": 0.23194353,
                "x": -0.066894373,
                "direction": true,
                "r": 0.2413973037,
                "timestamp": "19700101 000511888"
            },
            "5": {
                "y": 0.2320554681,
                "x": -0.0669813066,
                "direction": true,
                "r": 0.2415289542,
                "timestamp": "19700101 000512904"
            },
            "6": {
                "y": 0.232109279,
                "x": -0.0668967273,
                "direction": true,
                "r": 0.2415572179,
                "timestamp": "19700101 000513960"
            },
            "7": {
                "y": 0.2321067643,
                "x": -0.066800667,
                "direction": true,
                "r": 0.241528216,
                "timestamp": "19700101 000514968"
            },
            "8": {
                "y": 0.2322203307,
                "x": -0.0666972026,
                "direction": true,
                "r": 0.2416087722,
                "timestamp": "19700101 000515984"
            },
            "9": {
                "y": 0.2322226464,
                "x": -0.0667396612,
                "direction": true,
                "r": 0.2416227222,
                "timestamp": "19700101 000516984"
            }
        }
    ],
    "Mission Time": {
        "start": "19700101 000219816",
        "finish": "19700101 000649704"
    }
}