{
    "Report": {
        "try": true,
        "success": true
    },
    "Illegal": false,
    "QR": {
        "0": {
            "timestamp": "19700101 000438016",
            "result": true
        }
    },
    "Approach": [
        {
            "0": {
                "y": -0.3523886807,
                "x": 0.0186158237,
                "direction": true,
                "r": 0.3528800521,
                "timestamp": "19700101 000619472"
            },
            "1": {
                "y": -0.3524335796,
                "x": 0.0187724715,
                "direction": true,
                "r": 0.3529331859,
                "timestamp": "19700101 000620232"
            },
            "2": {
                "y": -0.3526114194,
                "x": 0.0188362914,
                "direction": true,
                "r": 0.3531141727,
                "timestamp": "19700101 000621248"
            },
            "3": {
                "y": -0.3526042865,
                "x": 0.0187555351,
                "direction": true,
                "r": 0.3531027513,
                "timestamp": "19700101 000622208"
            },
            "4": {
                "y": -0.3527082355,
                "x": 0.0187181423,
                "direction": true,
                "r": 0.35320457,
                "timestamp": "19700101 000623248"
            },
            "5": {
                "y": -0.3526324812,
                "x": 0.0187538195,
                "direction": true,
                "r": 0.3531308151,
                "timestamp": "19700101 000624184"
            },
            "6": {
                "y": -0.3526040922,
                "x": 0.0186659391,
                "direction": true,
                "r": 0.3530978096,
                "timestamp": "19700101 000625296"
            },
            "7": {
                "y": -0.3525824073,
                "x": 0.0186491451,
                "direction": true,
                "r": 0.3530752675,
                "timestamp": "19700101 000626320"
            },
            "8": {
                "y": -0.3525209416,
                "x": 0.0186689466,
                "direction": true,
                "r": 0.3530149343,
                "timestamp": "19700101 000627272"
            },
            "9": {
                "y": -0.3526161153,
                "x": 0.0187599905,
                "direction": true,
                "r": 0.3531148,
                "timestamp": "19700101 000628344"
            }
        }
    ],
    "Mission Time": {
        "start": "19700101 000251480",
        "finish": "19700101 000748432"
    }
}