{
    "Report": {
        "try": false,
        "success": false
    },
    "Illegal": false,
    "QR": {
        "0": {
            "timestamp": "19700101 000332856",
            "result": true
        }
    },
    "Approach": [
        {
            "0": {
                "y": -0.0079544455,
                "x": 0.0233051442,
                "direction": true,
                "r": 0.0246252502,
                "timestamp": "19700101 000634376"
            },
            "1": {
                "y": -0.0080131471,
                "x": 0.0233743527,
                "direction": true,
                "r": 0.0247097327,
                "timestamp": "19700101 000635368"
            },
            "2": {
                "y": -0.0080568235,
                "x": 0.0233717381,
                "direction": true,
                "r": 0.0247214592,
                "timestamp": "19700101 000636248"
            },
            "3": {
                "y": -0.0081080871,
                "x": 0.02332539,
                "direction": true,
                "r": 0.0246944304,
                "timestamp": "19700101 000637296"
            },
            "4": {
                "y": -0.0080502223,
                "x": 0.0233306048,
                "direction": true,
                "r": 0.0246804214,
                "timestamp": "19700101 000638312"
            },
            "5": {
                "y": -0.008048704,
                "x": 0.023345517,
                "direction": true,
                "r": 0.0246940236,
                "timestamp": "19700101 000639320"
            },
            "6": {
                "y": -0.0080793207,
                "x": 0.0234304448,
                "direction": true,
                "r": 0.0247842927,
                "timestamp": "19700101 000640312"
            },
            "7": {
                "y": -0.0082337566,
                "x": 0.0233735074,
                "direction": true,
                "r": 0.0247813558,
                "timestamp": "19700101 000641352"
            },
            "8": {
                "y": -0.0082683908,
                "x": 0.0232935924,
                "direction": true,
                "r": 0.0247175592,
                "timestamp": "19700101 000642400"
            },
            "9": {
                "y": -0.0082068478,
                "x": 0.0233353241,
                "direction": true,
                "r": 0.0247364044,
                "timestamp": "19700101 000643432"
            }
        }
    ],
    "Mission Time": {
        "start": "19700101 000212776"
    }
}