{
    "Report": {
        "try": true,
        "success": true
    },
    "Illegal": false,
    "QR": {
        "0": {
            "timestamp": "19700101 000352208",
            "result": true
        }
    },
    "Approach": [
        {
            "0": {
                "y": -0.0624914249,
                "x": 0.2725636675,
                "direction": true,
                "r": 0.2796357113,
                "timestamp": "19700101 000548744"
            },
            "1": {
                "y": -0.0624186983,
                "x": 0.2725716372,
                "direction": true,
                "r": 0.2796272363,
                "timestamp": "19700101 000549720"
            },
            "2": {
                "y": -0.0623599665,
                "x": 0.2725347852,
                "direction": true,
                "r": 0.2795782083,
                "timestamp": "19700101 000550880"
            },
            "3": {
                "y": -0.0624010894,
                "x": 0.2725452152,
                "direction": true,
                "r": 0.2795975506,
                "timestamp": "19700101 000551888"
            },
            "4": {
                "y": -0.0624807765,
                "x": 0.2725474546,
                "direction": true,
                "r": 0.2796175289,
                "timestamp": "19700101 000552944"
            },
            "5": {
                "y": -0.0626773847,
                "x": 0.2725960896,
                "direction": true,
                "r": 0.2797089248,
                "timestamp": "19700101 000553984"
            },
            "6": {
                "y": -0.062612323,
                "x": 0.2726174847,
                "direction": true,
                "r": 0.2797152051,
                "timestamp": "19700101 000555088"
            },
            "7": {
                "y": -0.0624559417,
                "x": 0.2726313927,
                "direction": true,
                "r": 0.2796937985,
                "timestamp": "19700101 000556536"
            },
            "8": {
                "y": -0.0623601897,
                "x": 0.272620545,
                "direction": true,
                "r": 0.279661858,
                "timestamp": "19700101 000557552"
            },
            "9": {
                "y": -0.0624027808,
                "x": 0.2725461941,
                "direction": true,
                "r": 0.2795988823,
                "timestamp": "19700101 000558664"
            }
        }
    ],
    "Mission Time": {
        "start": "19700101 000215040",
        "finish": "19700101 000736048"
    }
}