{
    "Report": {
        "try": false,
        "success": false
    },
    "Illegal": false,
    "QR": {
        "0": {
            "timestamp": "19700101 000434480",
            "result": true
        }
    },
    "Approach": [
        {
            "0": {
                "y": -9.6175455413,
                "x": 2.4775094179,
                "direction": true,
                "r": 9.9315273324,
                "timestamp": "19700101 000744528"
            },
            "1": {
                "y": -9.6037848495,
                "x": 2.4715529322,
                "direction": true,
                "r": 9.9167160558,
                "timestamp": "19700101 000745568"
            },
            "2": {
                "y": -9.5932932015,
                "x": 2.4663552648,
                "direction": true,
                "r": 9.9052603571,
                "timestamp": "19700101 000746544"
            },
            "3": {
                "y": -9.5888772354,
                "x": 2.4613520606,
                "direction": true,
                "r": 9.8997384108,
                "timestamp": "19700101 000747672"
            },
            "4": {
                "y": -9.6103512105,
                "x": 2.4663609847,
                "direction": true,
                "r": 9.9217834534,
                "timestamp": "19700101 000748728"
            },
            "5": {
                "y": -9.6129696069,
                "x": 2.4670344276,
                "direction": true,
                "r": 9.9244870663,
                "timestamp": "19700101 000749728"
            },
            "6": {
                "y": -9.6160779301,
                "x": 2.4686554162,
                "direction": true,
                "r": 9.9279008014,
                "timestamp": "19700101 000750624"
            },
            "7": {
                "y": -9.6190388983,
                "x": 2.4693591011,
                "direction": true,
                "r": 9.9309437466,
                "timestamp": "19700101 000751728"
            },
            "8": {
                "y": -9.6272593973,
                "x": 2.4713915946,
                "direction": true,
                "r": 9.9394114472,
                "timestamp": "19700101 000752776"
            },
            "9": {
                "y": -9.6301837942,
                "x": 2.4730186367,
                "direction": true,
                "r": 9.9426485952,
                "timestamp": "19700101 000753920"
            }
        }
    ],
    "Mission Time": {
        "start": "19700101 000246824"
    }
}