{
    "Report": {
        "try": true,
        "success": true
    },
    "Illegal": false,
    "QR": {
        "0": {
            "timestamp": "19700101 000401896",
            "result": true
        }
    },
    "Approach": [
        {
            "0": {
                "y": -0.1152979309,
                "x": -0.0080627872,
                "direction": true,
                "r": 0.1155795025,
                "timestamp": "19700101 000625592"
            },
            "1": {
                "y": -0.1152861216,
                "x": -0.0080650335,
                "direction": true,
                "r": 0.1155678788,
                "timestamp": "19700101 000626600"
            },
            "2": {
                "y": -0.1152657802,
                "x": -0.008123288,
                "direction": true,
                "r": 0.1155516676,
                "timestamp": "19700101 000628112"
            },
            "3": {
                "y": -0.1152631519,
                "x": -0.0081188038,
                "direction": true,
                "r": 0.1155487307,
                "timestamp": "19700101 000629000"
            },
            "4": {
                "y": -0.1153945347,
                "x": -0.0080035397,
                "direction": true,
                "r": 0.1156717566,
                "timestamp": "19700101 000629992"
            },
            "5": {
                "y": -0.1152582591,
                "x": -0.0080629115,
                "direction": true,
                "r": 0.1155399361,
                "timestamp": "19700101 000631232"
            },
            "6": {
                "y": -0.1152443686,
                "x": -0.0079910348,
                "direction": true,
                "r": 0.1155210852,
                "timestamp": "19700101 000632256"
            },
            "7": {
                "y": -0.1151124544,
                "x": -0.0080135599,
                "direction": true,
                "r": 0.1153910495,
                "timestamp": "19700101 000633232"
            },
            "8": {
                "y": -0.1151390151,
                "x": -0.0079933475,
                "direction": true,
                "r": 0.1154161445,
                "timestamp": "19700101 000634280"
            },
            "9": {
                "y": -0.1151955466,
                "x": -0.007951855,
                "direction": true,
                "r": 0.1154696755,
                "timestamp": "19700101 000635328"
            }
        }
    ],
    "Mission Time": {
        "start": "19700101 000233136",
        "finish": "19700101 000759856"
    }
}