{
    "Report": {
        "try": true,
        "success": false
    },
    "Illegal": false,
    "QR": {},
    "Approach": [
        {
            "0": {
                "y": 0.4850247782,
                "x": 1.8307698411,
                "direction": true,
                "r": 1.89392905,
                "timestamp": "19700101 000236352"
            },
            "1": {
                "y": 0.4852473842,
                "x": 1.8301888646,
                "direction": true,
                "r": 1.8934244912,
                "timestamp": "19700101 000237392"
            },
            "2": {
                "y": 0.485555756,
                "x": 1.8295679462,
                "direction": true,
                "r": 1.8929033948,
                "timestamp": "19700101 000238296"
            },
            "3": {
                "y": 0.4856598838,
                "x": 1.8294616655,
                "direction": true,
                "r": 1.8928273847,
                "timestamp": "19700101 000239408"
            },
            "4": {
                "y": 0.4855828612,
                "x": 1.8292373853,
                "direction": true,
                "r": 1.8925908504,
                "timestamp": "19700101 000240464"
            },
            "5": {
                "y": 0.4854293302,
                "x": 1.8292114905,
                "direction": true,
                "r": 1.8925264362,
                "timestamp": "19700101 000241400"
            },
            "6": {
                "y": 0.4850905157,
                "x": 1.8292908932,
                "direction": true,
                "r": 1.8925163091,
                "timestamp": "19700101 000242432"
            },
            "7": {
                "y": 0.4848717982,
                "x": 1.8287972445,
                "direction": true,
                "r": 1.8919830925,
                "timestamp": "19700101 000243472"
            },
            "8": {
                "y": 0.4848610975,
                "x": 1.8290000197,
                "direction": true,
                "r": 1.8921763543,
                "timestamp": "19700101 000244512"
            },
            "9": {
                "y": 0.4848171998,
                "x": 1.8291407498,
                "direction": true,
                "r": 1.8923011388,
                "timestamp": "19700101 000245632"
            }
        }
    ],
    "Mission Time": {
        "start": "19700101 000144232",
        "finish": "19700101 000303728"
    }
}