{
    "Report": {
        "try": true,
        "success": true
    },
    "Illegal": false,
    "QR": {
        "0": {
            "timestamp": "19700101 000419672",
            "result": true
        }
    },
    "Approach": [
        {
            "0": {
                "y": 0.5653006299,
                "x": -0.0100571299,
                "direction": true,
                "r": 0.5653900848,
                "timestamp": "19700101 000529824"
            },
            "1": {
                "y": 0.5654122797,
                "x": -0.0101344669,
                "direction": true,
                "r": 0.5655030977,
                "timestamp": "19700101 000530632"
            },
            "2": {
                "y": 0.565569784,
                "x": -0.010156105,
                "direction": true,
                "r": 0.5656609648,
                "timestamp": "19700101 000531584"
            },
            "3": {
                "y": 0.5657425558,
                "x": -0.0101988382,
                "direction": true,
                "r": 0.5658344773,
                "timestamp": "19700101 000532640"
            },
            "4": {
                "y": 0.5657126516,
                "x": -0.0101965629,
                "direction": true,
                "r": 0.565804537,
                "timestamp": "19700101 000533672"
            },
            "5": {
                "y": 0.565635457,
                "x": -0.0101128953,
                "direction": true,
                "r": 0.5657258531,
                "timestamp": "19700101 000534720"
            },
            "6": {
                "y": 0.5657262997,
                "x": -0.0100648861,
                "direction": true,
                "r": 0.5658158253,
                "timestamp": "19700101 000535688"
            },
            "7": {
                "y": 0.5656879112,
                "x": -0.0100077627,
                "direction": true,
                "r": 0.5657764295,
                "timestamp": "19700101 000536768"
            },
            "8": {
                "y": 0.5656748989,
                "x": -0.0099118622,
                "direction": true,
                "r": 0.565761731,
                "timestamp": "19700101 000537704"
            },
            "9": {
                "y": 0.5656589763,
                "x": -0.0097878381,
                "direction": true,
                "r": 0.5657436515,
                "timestamp": "19700101 000538840"
            }
        }
    ],
    "Mission Time": {
        "start": "19700101 000251240",
        "finish": "19700101 000702400"
    }
}