{
    "Report": {
        "try": false,
        "success": false
    },
    "Illegal": false,
    "QR": {
        "0": {
            "timestamp": "19700101 000414632",
            "result": true
        }
    },
    "Approach": [
        {
            "0": {
                "y": -1.2267919038,
                "x": 0.015824777,
                "direction": true,
                "r": 1.226893964,
                "timestamp": "19700101 000729408"
            },
            "1": {
                "y": -1.2266641981,
                "x": 0.0158871056,
                "direction": true,
                "r": 1.2267670745,
                "timestamp": "19700101 000730248"
            },
            "2": {
                "y": -1.2267690197,
                "x": 0.0159418255,
                "direction": true,
                "r": 1.2268725971,
                "timestamp": "19700101 000731288"
            },
            "3": {
                "y": -1.2270009438,
                "x": 0.0158776008,
                "direction": true,
                "r": 1.2271036689,
                "timestamp": "19700101 000732320"
            },
            "4": {
                "y": -1.2273489186,
                "x": 0.015890647,
                "direction": true,
                "r": 1.2274517834,
                "timestamp": "19700101 000733312"
            },
            "5": {
                "y": -1.2276075282,
                "x": 0.0158855045,
                "direction": true,
                "r": 1.2277103048,
                "timestamp": "19700101 000734352"
            },
            "6": {
                "y": -1.2278393281,
                "x": 0.0159280113,
                "direction": true,
                "r": 1.2279426359,
                "timestamp": "19700101 000735328"
            },
            "7": {
                "y": -1.2281907366,
                "x": 0.015933895,
                "direction": true,
                "r": 1.2282940912,
                "timestamp": "19700101 000736592"
            },
            "8": {
                "y": -1.2286079656,
                "x": 0.0159512344,
                "direction": true,
                "r": 1.2287115101,
                "timestamp": "19700101 000737432"
            },
            "9": {
                "y": -1.2282499098,
                "x": 0.016037009,
                "direction": true,
                "r": 1.2283546013,
                "timestamp": "19700101 000738392"
            }
        }
    ],
    "Mission Time": {
        "start": "19700101 000216408"
    }
}