{
    "Report": {
        "try": true,
        "success": true
    },
    "Illegal": false,
    "QR": {
        "0": {
            "timestamp": "19700101 000319776",
            "result": true
        }
    },
    "Approach": [
        {
            "0": {
                "y": 0.2654081728,
                "x": -0.0632055883,
                "direction": true,
                "r": 0.2728304319,
                "timestamp": "19700101 000440336"
            },
            "1": {
                "y": 0.2654262794,
                "x": -0.0631833346,
                "direction": true,
                "r": 0.2728428917,
                "timestamp": "19700101 000441296"
            },
            "2": {
                "y": 0.2654686737,
                "x": -0.063198583,
                "direction": true,
                "r": 0.2728876648,
                "timestamp": "19700101 000442312"
            },
            "3": {
                "y": 0.2654693448,
                "x": -0.0632227802,
                "direction": true,
                "r": 0.2728939226,
                "timestamp": "19700101 000443312"
            },
            "4": {
                "y": 0.2655027155,
                "x": -0.0632012179,
                "direction": true,
                "r": 0.2729213914,
                "timestamp": "19700101 000444352"
            },
            "5": {
                "y": 0.2654740658,
                "x": -0.0632195122,
                "direction": true,
                "r": 0.272897758,
                "timestamp": "19700101 000445408"
            },
            "6": {
                "y": 0.2654877367,
                "x": -0.0631999403,
                "direction": true,
                "r": 0.2729065239,
                "timestamp": "19700101 000446392"
            },
            "7": {
                "y": 0.2655198569,
                "x": -0.0632211394,
                "direction": true,
                "r": 0.2729426806,
                "timestamp": "19700101 000447416"
            },
            "8": {
                "y": 0.2654509517,
                "x": -0.0631685623,
                "direction": true,
                "r": 0.2728634732,
                "timestamp": "19700101 000448456"
            },
            "9": {
                "y": 0.2654603644,
                "x": -0.0631424098,
                "direction": true,
                "r": 0.2728665773,
                "timestamp": "19700101 000449496"
            }
        }
    ],
    "Mission Time": {
        "start": "19700101 000212832",
        "finish": "19700101 000603840"
    }
}