{
    "Report": {
        "try": true,
        "success": true
    },
    "Illegal": false,
    "QR": {
        "0": {
            "timestamp": "19700101 000410392",
            "result": true
        }
    },
    "Approach": [
        {
            "0": {
                "y": -0.1578084826,
                "x": -0.001190544,
                "direction": true,
                "r": 0.1578129734,
                "timestamp": "19700101 000556032"
            },
            "1": {
                "y": -0.1578900167,
                "x": -0.0015188537,
                "direction": true,
                "r": 0.157897322,
                "timestamp": "19700101 000557016"
            },
            "2": {
                "y": -0.1579049943,
                "x": -0.0017158822,
                "direction": true,
                "r": 0.1579143169,
                "timestamp": "19700101 000557976"
            },
            "3": {
                "y": -0.1580481825,
                "x": -0.001531044,
                "direction": true,
                "r": 0.1580555981,
                "timestamp": "19700101 000559024"
            },
            "4": {
                "y": -0.1579410498,
                "x": -0.0018712367,
                "direction": true,
                "r": 0.1579521343,
                "timestamp": "19700101 000600080"
            },
            "5": {
                "y": -0.1577846683,
                "x": -0.0019134741,
                "direction": true,
                "r": 0.1577962703,
                "timestamp": "19700101 000601120"
            },
            "6": {
                "y": -0.1575335653,
                "x": -0.0019954456,
                "direction": true,
                "r": 0.1575462027,
                "timestamp": "19700101 000602088"
            },
            "7": {
                "y": -0.158405124,
                "x": -0.0020675316,
                "direction": true,
                "r": 0.1584186163,
                "timestamp": "19700101 000603096"
            },
            "8": {
                "y": -0.1588472093,
                "x": -0.001972232,
                "direction": true,
                "r": 0.1588594524,
                "timestamp": "19700101 000604104"
            },
            "9": {
                "y": -0.1585613609,
                "x": -0.0019482208,
                "direction": true,
                "r": 0.1585733292,
                "timestamp": "19700101 000605368"
            }
        }
    ],
    "Mission Time": {
        "start": "19700101 000217296",
        "finish": "19700101 000724888"
    }
}