{
    "Report": {
        "try": true,
        "success": true
    },
    "Illegal": false,
    "QR": {
        "0": {
            "timestamp": "19700101 000439352",
            "result": true
        }
    },
    "Approach": [
        {
            "0": {
                "y": -20.1524132119,
                "x": 9.8680584898,
                "direction": true,
                "r": 22.4387686075,
                "timestamp": "19700101 000607816"
            },
            "1": {
                "y": -20.2185320951,
                "x": 9.9017133033,
                "direction": true,
                "r": 22.512951082,
                "timestamp": "19700101 000608776"
            },
            "2": {
                "y": -20.1396570724,
                "x": 9.8630429975,
                "direction": true,
                "r": 22.4251065586,
                "timestamp": "19700101 000609768"
            },
            "3": {
                "y": -20.1626317891,
                "x": 9.873667874,
                "direction": true,
                "r": 22.4504128681,
                "timestamp": "19700101 000610776"
            },
            "4": {
                "y": -20.2011989686,
                "x": 9.8908850877,
                "direction": true,
                "r": 22.4926220701,
                "timestamp": "19700101 000611808"
            },
            "5": {
                "y": -20.2151896067,
                "x": 9.8987127895,
                "direction": true,
                "r": 22.5086295834,
                "timestamp": "19700101 000612816"
            },
            "6": {
                "y": -20.1699757296,
                "x": 9.8747019952,
                "direction": true,
                "r": 22.4574633569,
                "timestamp": "19700101 000613800"
            },
            "7": {
                "y": -20.1608019055,
                "x": 9.8705172883,
                "direction": true,
                "r": 22.4473839236,
                "timestamp": "19700101 000614808"
            },
            "8": {
                "y": -20.1552755171,
                "x": 9.8678389646,
                "direction": true,
                "r": 22.4412427687,
                "timestamp": "19700101 000615784"
            },
            "9": {
                "y": -20.0078343092,
                "x": 9.7952036426,
                "direction": true,
                "r": 22.2768814726,
                "timestamp": "19700101 000616768"
            }
        }
    ],
    "Mission Time": {
        "start": "19700101 000250784",
        "finish": "19700101 000735992"
    }
}