{
    "Report": {
        "try": true,
        "success": true
    },
    "Illegal": false,
    "QR": {
        "0": {
            "timestamp": "19700101 000352104",
            "result": true
        }
    },
    "Approach": [
        {
            "0": {
                "y": 0.0278255258,
                "x": 0.0759490069,
                "direction": true,
                "r": 0.0808857932,
                "timestamp": "19700101 000533792"
            },
            "1": {
                "y": 0.027889594,
                "x": 0.076036983,
                "direction": true,
                "r": 0.0809904453,
                "timestamp": "19700101 000534696"
            },
            "2": {
                "y": 0.0278949954,
                "x": 0.0760787974,
                "direction": true,
                "r": 0.0810315629,
                "timestamp": "19700101 000535792"
            },
            "3": {
                "y": 0.027757026,
                "x": 0.0760704184,
                "direction": true,
                "r": 0.0809762993,
                "timestamp": "19700101 000536792"
            },
            "4": {
                "y": 0.0277875502,
                "x": 0.0760918133,
                "direction": true,
                "r": 0.0810068639,
                "timestamp": "19700101 000537792"
            },
            "5": {
                "y": 0.0278327602,
                "x": 0.0760616274,
                "direction": true,
                "r": 0.080994035,
                "timestamp": "19700101 000538888"
            },
            "6": {
                "y": 0.0278520898,
                "x": 0.0761008272,
                "direction": true,
                "r": 0.0810374901,
                "timestamp": "19700101 000539864"
            },
            "7": {
                "y": 0.0279499931,
                "x": 0.0761093663,
                "direction": true,
                "r": 0.0810792067,
                "timestamp": "19700101 000540888"
            },
            "8": {
                "y": 0.0280072385,
                "x": 0.0760727802,
                "direction": true,
                "r": 0.0810646242,
                "timestamp": "19700101 000541960"
            },
            "9": {
                "y": 0.0280011078,
                "x": 0.0760855119,
                "direction": true,
                "r": 0.0810744544,
                "timestamp": "19700101 000542872"
            }
        }
    ],
    "Mission Time": {
        "start": "19700101 000209440",
        "finish": "19700101 000709576"
    }
}