{
    "Report": {
        "try": true,
        "success": true
    },
    "Illegal": false,
    "QR": {
        "0": {
            "timestamp": "19700101 000310576",
            "result": true
        }
    },
    "Approach": [
        {
            "0": {
                "y": -0.0041665957,
                "x": 0.0147893777,
                "direction": true,
                "r": 0.0153650972,
                "timestamp": "19700101 000454424"
            },
            "1": {
                "y": -0.0041474187,
                "x": 0.0148054696,
                "direction": true,
                "r": 0.0153754028,
                "timestamp": "19700101 000455304"
            },
            "2": {
                "y": -0.0041910942,
                "x": 0.0148926655,
                "direction": true,
                "r": 0.0154711589,
                "timestamp": "19700101 000456416"
            },
            "3": {
                "y": -0.0041544781,
                "x": 0.0149051725,
                "direction": true,
                "r": 0.0154733272,
                "timestamp": "19700101 000457280"
            },
            "4": {
                "y": -0.004179882,
                "x": 0.0150367188,
                "direction": true,
                "r": 0.0156068679,
                "timestamp": "19700101 000458296"
            },
            "5": {
                "y": -0.0040855003,
                "x": 0.0149435685,
                "direction": true,
                "r": 0.0154919835,
                "timestamp": "19700101 000459448"
            },
            "6": {
                "y": -0.0040819848,
                "x": 0.0149960334,
                "direction": true,
                "r": 0.0155416736,
                "timestamp": "19700101 000500424"
            },
            "7": {
                "y": -0.0041684024,
                "x": 0.0149877901,
                "direction": true,
                "r": 0.0155566523,
                "timestamp": "19700101 000501456"
            },
            "8": {
                "y": -0.0041195737,
                "x": 0.0149344252,
                "direction": true,
                "r": 0.0154921898,
                "timestamp": "19700101 000502520"
            },
            "9": {
                "y": -0.0041530479,
                "x": 0.0149480862,
                "direction": true,
                "r": 0.0155142866,
                "timestamp": "19700101 000503536"
            }
        }
    ],
    "Mission Time": {
        "start": "19700101 000214920",
        "finish": "19700101 000617952"
    }
}