{
    "Report": {
        "try": false,
        "success": false
    },
    "Illegal": false,
    "QR": {
        "0": {
            "timestamp": "19700101 000330120",
            "result": true
        }
    },
    "Approach": [
        {
            "0": {
                "y": -0.3569592292,
                "x": -0.0111611965,
                "direction": true,
                "r": 0.3571336775,
                "timestamp": "19700101 000633704"
            },
            "1": {
                "y": -0.3594155779,
                "x": -0.0114533102,
                "direction": true,
                "r": 0.3595980199,
                "timestamp": "19700101 000634536"
            },
            "2": {
                "y": -0.3586821456,
                "x": -0.0116955342,
                "direction": true,
                "r": 0.3588727728,
                "timestamp": "19700101 000635888"
            },
            "3": {
                "y": -0.3569945418,
                "x": -0.0116950107,
                "direction": true,
                "r": 0.3571860526,
                "timestamp": "19700101 000636624"
            },
            "4": {
                "y": -0.3565303955,
                "x": -0.0118269435,
                "direction": true,
                "r": 0.3567265052,
                "timestamp": "19700101 000637560"
            },
            "5": {
                "y": -0.3575130182,
                "x": -0.0119084079,
                "direction": true,
                "r": 0.3577112919,
                "timestamp": "19700101 000638576"
            },
            "6": {
                "y": -0.3585941397,
                "x": -0.0122275031,
                "direction": true,
                "r": 0.3588025486,
                "timestamp": "19700101 000639624"
            },
            "7": {
                "y": -0.35659572,
                "x": -0.0123345164,
                "direction": true,
                "r": 0.3568089795,
                "timestamp": "19700101 000640616"
            },
            "8": {
                "y": -0.3545372391,
                "x": -0.0125826468,
                "direction": true,
                "r": 0.35476045,
                "timestamp": "19700101 000641712"
            },
            "9": {
                "y": -0.356248369,
                "x": -0.012520227,
                "direction": true,
                "r": 0.3564683107,
                "timestamp": "19700101 000642688"
            }
        }
    ],
    "Mission Time": {
        "start": "19700101 000135304"
    }
}