{
    "Report": {
        "try": true,
        "success": true
    },
    "Illegal": false,
    "QR": {
        "0": {
            "timestamp": "19700101 000334008",
            "result": true
        }
    },
    "Approach": [
        {
            "0": {
                "y": -0.124662239,
                "x": 0.007786205,
                "direction": true,
                "r": 0.1249051593,
                "timestamp": "19700101 000606736"
            },
            "1": {
                "y": -0.1247498163,
                "x": 0.0076878878,
                "direction": true,
                "r": 0.1249864804,
                "timestamp": "19700101 000607648"
            },
            "2": {
                "y": -0.1247924683,
                "x": 0.0076993095,
                "direction": true,
                "r": 0.1250297545,
                "timestamp": "19700101 000608688"
            },
            "3": {
                "y": -0.1248675908,
                "x": 0.0077006757,
                "direction": true,
                "r": 0.1251048186,
                "timestamp": "19700101 000609704"
            },
            "4": {
                "y": -0.1248715022,
                "x": 0.0077259326,
                "direction": true,
                "r": 0.1251102797,
                "timestamp": "19700101 000610792"
            },
            "5": {
                "y": -0.1248871671,
                "x": 0.0076761496,
                "direction": true,
                "r": 0.1251228507,
                "timestamp": "19700101 000611712"
            },
            "6": {
                "y": -0.1248607805,
                "x": 0.0077207761,
                "direction": true,
                "r": 0.1250992602,
                "timestamp": "19700101 000612752"
            },
            "7": {
                "y": -0.1248993631,
                "x": 0.0077385112,
                "direction": true,
                "r": 0.1251388647,
                "timestamp": "19700101 000613832"
            },
            "8": {
                "y": -0.1248376557,
                "x": 0.0077352197,
                "direction": true,
                "r": 0.1250770719,
                "timestamp": "19700101 000614984"
            },
            "9": {
                "y": -0.1249557135,
                "x": 0.0076266094,
                "direction": true,
                "r": 0.1251882403,
                "timestamp": "19700101 000615856"
            }
        }
    ],
    "Mission Time": {
        "start": "19700101 000215264",
        "finish": "19700101 000739592"
    }
}