{
    "Report": {
        "try": true,
        "success": true
    },
    "Illegal": false,
    "QR": {
        "0": {
            "timestamp": "19700101 000316272",
            "result": true
        }
    },
    "Approach": [
        {
            "0": {
                "y": 0.7664201893,
                "x": 0.0861875573,
                "direction": true,
                "r": 0.7712510626,
                "timestamp": "19700101 000449416"
            },
            "1": {
                "y": 0.7664762752,
                "x": 0.0862341186,
                "direction": true,
                "r": 0.7713120015,
                "timestamp": "19700101 000450376"
            },
            "2": {
                "y": 0.7663985738,
                "x": 0.086400985,
                "direction": true,
                "r": 0.771253463,
                "timestamp": "19700101 000451424"
            },
            "3": {
                "y": 0.7664567769,
                "x": 0.086302233,
                "direction": true,
                "r": 0.7713002439,
                "timestamp": "19700101 000452416"
            },
            "4": {
                "y": 0.7665146815,
                "x": 0.0862218616,
                "direction": true,
                "r": 0.7713487968,
                "timestamp": "19700101 000453440"
            },
            "5": {
                "y": 0.7664689755,
                "x": 0.0861716625,
                "direction": true,
                "r": 0.7712977673,
                "timestamp": "19700101 000454432"
            },
            "6": {
                "y": 0.7665464257,
                "x": 0.0858896683,
                "direction": true,
                "r": 0.7713432815,
                "timestamp": "19700101 000455472"
            },
            "7": {
                "y": 0.766378046,
                "x": 0.0859029662,
                "direction": true,
                "r": 0.7711774303,
                "timestamp": "19700101 000456528"
            },
            "8": {
                "y": 0.766561019,
                "x": 0.0858257028,
                "direction": true,
                "r": 0.7713506642,
                "timestamp": "19700101 000457544"
            },
            "9": {
                "y": 0.7665154634,
                "x": 0.0860210102,
                "direction": true,
                "r": 0.7713271484,
                "timestamp": "19700101 000458560"
            }
        }
    ],
    "Mission Time": {
        "start": "19700101 000218944",
        "finish": "19700101 000609520"
    }
}