{
    "Report": {
        "try": true,
        "success": true
    },
    "Illegal": false,
    "QR": {
        "0": {
            "timestamp": "19700101 000329472",
            "result": true
        }
    },
    "Approach": [
        {
            "0": {
                "y": 0.2526833091,
                "x": -0.0835303486,
                "direction": true,
                "r": 0.266131873,
                "timestamp": "19700101 000450088"
            },
            "1": {
                "y": 0.2527346311,
                "x": -0.0835105025,
                "direction": true,
                "r": 0.2661743748,
                "timestamp": "19700101 000451072"
            },
            "2": {
                "y": 0.2526981833,
                "x": -0.0835172758,
                "direction": true,
                "r": 0.266141893,
                "timestamp": "19700101 000452072"
            },
            "3": {
                "y": 0.2527301954,
                "x": -0.0835143555,
                "direction": true,
                "r": 0.2661713719,
                "timestamp": "19700101 000453104"
            },
            "4": {
                "y": 0.2527675388,
                "x": -0.083528977,
                "direction": true,
                "r": 0.2662114172,
                "timestamp": "19700101 000454120"
            },
            "5": {
                "y": 0.2527781926,
                "x": -0.0835557451,
                "direction": true,
                "r": 0.2662299329,
                "timestamp": "19700101 000455192"
            },
            "6": {
                "y": 0.2527087902,
                "x": -0.0835377511,
                "direction": true,
                "r": 0.2661583899,
                "timestamp": "19700101 000456440"
            },
            "7": {
                "y": 0.2527123072,
                "x": -0.0835578083,
                "direction": true,
                "r": 0.266168025,
                "timestamp": "19700101 000457216"
            },
            "8": {
                "y": 0.2526730112,
                "x": -0.0834811417,
                "direction": true,
                "r": 0.2661066546,
                "timestamp": "19700101 000458240"
            },
            "9": {
                "y": 0.252700273,
                "x": -0.0833431872,
                "direction": true,
                "r": 0.2660892986,
                "timestamp": "19700101 000459248"
            }
        }
    ],
    "Mission Time": {
        "start": "19700101 000219472",
        "finish": "19700101 000616320"
    }
}