{
    "Report": {
        "try": true,
        "success": true
    },
    "Illegal": false,
    "QR": {
        "0": {
            "timestamp": "19700101 000340152",
            "result": true
        }
    },
    "Approach": [
        {
            "0": {
                "y": 0.0023363988,
                "x": 0.2658134085,
                "direction": true,
                "r": 0.2658236763,
                "timestamp": "19700101 000528504"
            },
            "1": {
                "y": 0.0023065516,
                "x": 0.2658128088,
                "direction": true,
                "r": 0.265822816,
                "timestamp": "19700101 000529328"
            },
            "2": {
                "y": 0.0022702968,
                "x": 0.2658990077,
                "direction": true,
                "r": 0.2659086996,
                "timestamp": "19700101 000530664"
            },
            "3": {
                "y": 0.0023002584,
                "x": 0.2659271583,
                "direction": true,
                "r": 0.2659371067,
                "timestamp": "19700101 000531712"
            },
            "4": {
                "y": 0.0022646939,
                "x": 0.2659494355,
                "direction": true,
                "r": 0.2659590778,
                "timestamp": "19700101 000532768"
            },
            "5": {
                "y": 0.0022243787,
                "x": 0.2659295416,
                "direction": true,
                "r": 0.2659388444,
                "timestamp": "19700101 000533760"
            },
            "6": {
                "y": 0.0022737055,
                "x": 0.2659653049,
                "direction": true,
                "r": 0.2659750235,
                "timestamp": "19700101 000534776"
            },
            "7": {
                "y": 0.0023458415,
                "x": 0.2659763075,
                "direction": true,
                "r": 0.2659866522,
                "timestamp": "19700101 000535792"
            },
            "8": {
                "y": 0.0023403883,
                "x": 0.2660840374,
                "direction": true,
                "r": 0.2660943298,
                "timestamp": "19700101 000536800"
            },
            "9": {
                "y": 0.0024539142,
                "x": 0.266067764,
                "direction": true,
                "r": 0.2660790799,
                "timestamp": "19700101 000537920"
            }
        }
    ],
    "Mission Time": {
        "start": "19700101 000202088",
        "finish": "19700101 000711072"
    }
}