{
    "Report": {
        "try": true,
        "success": true
    },
    "Illegal": false,
    "QR": {
        "0": {
            "timestamp": "19700101 000408152",
            "result": true
        }
    },
    "Approach": [
        {
            "0": {
                "y": 0.0270004208,
                "x": 0.0229262823,
                "direction": true,
                "r": 0.0354208575,
                "timestamp": "19700101 000544264"
            },
            "1": {
                "y": 0.0269862182,
                "x": 0.0229484386,
                "direction": true,
                "r": 0.0354243815,
                "timestamp": "19700101 000545128"
            },
            "2": {
                "y": 0.0269587188,
                "x": 0.0228966258,
                "direction": true,
                "r": 0.0353698741,
                "timestamp": "19700101 000546168"
            },
            "3": {
                "y": 0.0269256938,
                "x": 0.0229487631,
                "direction": true,
                "r": 0.0353785064,
                "timestamp": "19700101 000547216"
            },
            "4": {
                "y": 0.0269633888,
                "x": 0.0230268984,
                "direction": true,
                "r": 0.035457896,
                "timestamp": "19700101 000548176"
            },
            "5": {
                "y": 0.0269663611,
                "x": 0.0230118118,
                "direction": true,
                "r": 0.0354503613,
                "timestamp": "19700101 000549408"
            },
            "6": {
                "y": 0.026957356,
                "x": 0.0230928687,
                "direction": true,
                "r": 0.0354961917,
                "timestamp": "19700101 000550184"
            },
            "7": {
                "y": 0.0269787875,
                "x": 0.0229939347,
                "direction": true,
                "r": 0.0354482159,
                "timestamp": "19700101 000551200"
            },
            "8": {
                "y": 0.0269722071,
                "x": 0.0229278604,
                "direction": true,
                "r": 0.0354003777,
                "timestamp": "19700101 000552256"
            },
            "9": {
                "y": 0.0269206749,
                "x": 0.0229312517,
                "direction": true,
                "r": 0.0353633291,
                "timestamp": "19700101 000553336"
            }
        }
    ],
    "Mission Time": {
        "start": "19700101 000225384",
        "finish": "19700101 000727024"
    }
}