{
    "Report": {
        "try": true,
        "success": true
    },
    "Illegal": false,
    "QR": {
        "0": {
            "timestamp": "19700101 000313544",
            "result": true
        }
    },
    "Approach": [
        {
            "0": {
                "y": 0.2735352222,
                "x": -0.0301916002,
                "direction": true,
                "r": 0.2751963853,
                "timestamp": "19700101 000430856"
            },
            "1": {
                "y": 0.2735577079,
                "x": -0.0301742552,
                "direction": true,
                "r": 0.2752168331,
                "timestamp": "19700101 000431600"
            },
            "2": {
                "y": 0.2732522317,
                "x": -0.0304553917,
                "direction": true,
                "r": 0.2749441998,
                "timestamp": "19700101 000433384"
            },
            "3": {
                "y": 0.2735632932,
                "x": -0.0302507656,
                "direction": true,
                "r": 0.2752307835,
                "timestamp": "19700101 000433688"
            },
            "4": {
                "y": 0.2734689045,
                "x": -0.0302517626,
                "direction": true,
                "r": 0.2751370765,
                "timestamp": "19700101 000434736"
            },
            "5": {
                "y": 0.2734846942,
                "x": -0.0302068991,
                "direction": true,
                "r": 0.2751478416,
                "timestamp": "19700101 000435768"
            },
            "6": {
                "y": 0.2734572631,
                "x": -0.0302319175,
                "direction": true,
                "r": 0.2751233243,
                "timestamp": "19700101 000436800"
            },
            "7": {
                "y": 0.2733994572,
                "x": -0.0302772654,
                "direction": true,
                "r": 0.2750708563,
                "timestamp": "19700101 000437872"
            },
            "8": {
                "y": 0.2734478507,
                "x": -0.0302626767,
                "direction": true,
                "r": 0.2751173507,
                "timestamp": "19700101 000438888"
            },
            "9": {
                "y": 0.2734246255,
                "x": -0.0302895911,
                "direction": true,
                "r": 0.2750972286,
                "timestamp": "19700101 000439864"
            }
        }
    ],
    "Mission Time": {
        "start": "19700101 000210920",
        "finish": "19700101 000552424"
    }
}